id,name,category,subcategory,address,district,lat,lng,rating_score,rating_count,description,source
google-places-ChIJEzgCOSTDOxMRQD_lIGrhNkQ,Al dente Bakery Cafe,food,brunch,"Via Santi Martiri Salernitani, 39, 84122 Salerno SA",Salerno,40.676743699999996,14.7694859,4.5,43,,google_places
google-places-ChIJA-WQwC_DOxMRNWY1P2mECL4,Aperi & Bakery Salerno,food,brunch,"Via Francesco Farao, 2, 84124 Salerno SA",Salerno,40.6811772,14.7742121,4.7,6,,google_places
google-places-ChIJx-j8PTrCOxMRH9pGMGDd7Ec,Bar Moka,food,brunch,"Corso Vittorio Emanuele, 108, 84123 Salerno SA",Salerno,40.6765565,14.767547500000001,4,885,,google_places
google-places-ChIJYS7vjxDDOxMRzxODyIRYq5w,Bar New York cafè,food,brunch,"Via Roma, 60, 84121 Salerno SA",Salerno,40.6776237,14.7608577,4.8,53,,google_places
google-places-ChIJxXDslDDCOxMRQNrT8Et0Lfk,Bar Pasticceria Dolce e Caffé,food,brunch,"Via Francesco Paolo Volpe, 41/43, 84122 Salerno SA",Salerno,40.6784372,14.767279300000002,4.5,343,,google_places
google-places-ChIJHc20GDrCOxMRdB9gfZjs7yQ,Bluette Caffè,food,brunch,"Via Santi Martiri Salernitani, 36, 84123 Salerno SA",Salerno,40.6761125,14.769233299999998,4.7,150,,google_places
google-places-ChIJT818wjHCOxMR-2KUiK8XpuU,Cafe' El Ritual,food,brunch,"Via Michele Vernieri, 36, 84125 Salerno SA",Salerno,40.6815984,14.7647918,4.6,49,,google_places
google-places-ChIJ6yJqZADDOxMRC2DpS0iFWG4,"DALÈ,Cucina&Calici",food,brunch,"Largo Andrea Sinno, 4, 84126 Salerno SA",Salerno,40.6851548,14.7709743,5,10,,google_places
google-places-ChIJBTagaeHDOxMRdxrSw10B92w,Filtro Café,food,brunch,"Via Porta di Mare, 60, 84121 Salerno SA",Salerno,40.67955080000001,14.7570432,4.8,322,,google_places
google-places-ChIJU7EEOKvDOxMRo5LX120msBU,Fit House Salerno,food,brunch,"Via Santi Martiri Salernitani, 7/9, 84123 Salerno SA",Salerno,40.6757673,14.7688467,4.1,156,,google_places
google-places-ChIJGy7ywX3DOxMRkNM0L4-OMDQ,Il baretto,food,brunch,"Via Michele Vernieri, 113, 84125 Salerno SA",Salerno,40.6813649,14.763753,4.6,67,,google_places
google-places-ChIJGcTDJwPDOxMRtjIfbVaFDf0,LEAP Caffè,food,brunch,"Via dei Mille, 82, 84132 Salerno SA",Salerno,40.6655495,14.801367899999999,4.9,26,,google_places
google-places-ChIJvXjbHi_COxMRTxYQEkUFDIY,Landi,food,brunch,"Via Romualdo II Guarna, 16, 84121 Salerno SA",Salerno,40.6807948,14.759516999999999,4.5,318,,google_places
google-places-ChIJgYmGALTpOxMRfco5uiF_X-o,Mentha Mare e Spa,food,brunch,"Via Salvador Allende, 84131 Salerno SA",Salerno,40.6270453,14.838968500000002,4.8,190,,google_places
google-places-ChIJgz71LjrCOxMR_G8o4SPgq94,Nero Caffè,food,brunch,"Corso Giuseppe Garibaldi, 134, 84122 Salerno SA",Salerno,40.6753225,14.769178699999998,4.6,181,,google_places
google-places-ChIJcUs2ujrCOxMREveQ59Po6rw,Puntoevirgolacafe Caffetteria Specialty,food,brunch,"Via de Luca Antonio Maria, 10/12, 84122 Salerno SA",Salerno,40.676980199999996,14.764623299999998,4.6,263,,google_places
google-places-ChIJH_gYvy7COxMRA5NIO_8xeAs,Rendez Vous Cafe',food,brunch,"Via Camillo Sorgente, 84125 Salerno SA",Salerno,40.6833856,14.7596145,4.7,69,,google_places
google-places-ChIJv6OgNF7COxMROTb7V0W2AYk,Sweet Bakery,food,brunch,"Via Sichelmanno, 30, 84129 Salerno SA",Salerno,40.664857999999995,14.795802599999998,4.4,715,,google_places
google-places-ChIJX0XVn57BOxMRDFasoWysmn8,A' Cantenera dal 1956,food,ristoranti,"Via Porto, 25/27, 84121 Salerno SA",Salerno,40.677823599999996,14.750397099999999,4.8,53,,google_places
google-places-ChIJW3N-rCjCOxMR2aQ1Uf63mU0,A'Corte,food,ristoranti,"Vicolo Antica Corte, 84121 Salerno SA",Salerno,40.679183699999996,14.757684300000001,4.4,325,,google_places
google-places-ChIJP4ENHybCOxMRX7vjtkVv-DY,Antonio la Trippa,food,ristoranti,"Via Roma, 190, 84121 Salerno SA",Salerno,40.6789473,14.756629300000002,4,1167,,google_places
google-places-ChIJ_-5BAmbDOxMRHEw7S5Lpmak,Banzai Salerno,food,ristoranti,"Corso Vittorio Emanuele, 232, 84122 Salerno SA",Salerno,40.6780245,14.7630222,4.1,947,,google_places
google-places-ChIJJy0M4RXDOxMRw2lyxPITcws,Bistrot di Pescheria,food,ristoranti,"Via Luigi Guercio, 1, 84134 Salerno SA",Salerno,40.6789931,14.775725000000001,4.7,353,,google_places
google-places-ChIJg82uovrDOxMRv9iPYL1c6bI,Capicchione - Trattoria di mare,food,ristoranti,"IRNO CENTER, Via Irno, 2, 84135 Salerno SA",Salerno,40.6820279,14.7756586,4.8,36,,google_places
google-places-ChIJ4U0HlP3DOxMRQAdXlaVSOxA,Casa Ragùsa,food,ristoranti,"Via Luigi Guercio, 391, 84134 Salerno SA",Salerno,40.6734966,14.779557599999997,4.8,1097,,google_places
google-places-ChIJ00pTXnHBOxMReDT-rrsLCrM,Casamare,food,ristoranti,"Corso Giuseppe Garibaldi, 214, 84121 Salerno SA",Salerno,40.6768626,14.764065599999999,4.5,409,,google_places
google-places-ChIJUbYZWKTCOxMRKEOnk5r5P08,Ciardò cucina di mare,food,ristoranti,"Via San Leonardo, 148, 84131 Salerno SA",Salerno,40.6468778,14.830561000000001,4.6,609,,google_places
google-places-ChIJcz0BCi_COxMRontgtGiTjX0,Cicirinella,food,ristoranti,"Via Antonio Genovese, 28, 84121 Salerno SA",Salerno,40.6797843,14.760841800000001,4.6,1257,,google_places
google-places-ChIJK8HA0zvCOxMRDtbthPQQzyI,Crudo Salerno,food,ristoranti,"Via Ulisse Abbagnano, 6, 84123 Salerno SA",Salerno,40.6747412,14.769233499999997,4.2,529,,google_places
google-places-ChIJjQRaezTCOxMRv-TNIzbwQ-I,Da Riccardo,food,ristoranti,"Piazza Pasquale Naddeo, 3, 84126 Salerno SA",Salerno,40.684644999999996,14.7707671,4.3,167,,google_places
google-places-ChIJiX7azRXDOxMR8x52YXKgMDY,Daniele Gourmet - Salerno,food,ristoranti,"Lungomare Trieste, 98, 84122 Salerno SA",Salerno,40.675898,14.7653104,4.4,1351,,google_places
google-places-ChIJ7yHE-SvDOxMRL7Khy0nx5KQ,Embarcadero,food,ristoranti,"Lungomare Trieste, 84121 Salerno SA",Salerno,40.677099299999995,14.759901300000001,4.2,2615,,google_places
google-places-ChIJt8LbsczDOxMRkNcXkhpERpU,Collezione Bongiani Art Museum,attractions,arte,"Via Salvatore Calenda, 105, 84126 Salerno SA",Salerno,40.6877119,14.7688411,5,1,,google_places
google-places-ChIJuXziFTbDOxMRxqr_qWjdqd0,Galleria D'Arte dei Mercanti,attractions,arte,"Via Mercanti, 42, 84121 Salerno SA",Salerno,40.6786716,14.761188299999997,4,11,,google_places
google-places-ChIJecyeFTDCOxMRvmF76JsszBw,Galleria Paola Verrengia & C. S.N.C.,attractions,arte,"Via Fiera Vecchia, 34, 84122 Salerno SA",Salerno,40.679024299999995,14.7650733,4.5,10,,google_places
google-places-ChIJIxrfu3jDOxMRyA22UfNguCw,Murale di Jorit Agoch - Trotula De Ruggiero,attractions,arte,"Via Gelsi Rossi, 21-23, 84127 Salerno SA",Salerno,40.6754695,14.7751532,4.7,7,,google_places
google-places-ChIJlwDAQgDDOxMRbBnS-0J2TZs,Murales Franck Ribery,attractions,arte,"Via Settimio Mobilio, 2, 84127 Salerno SA",Salerno,40.6732331,14.778083899999999,5,2,,google_places
google-places-ChIJY8yA0kHDOxMRcGABvdpCB3g,Murales Masuccio Salernitano,attractions,arte,"Via Masuccio Salernitano, 62, 84121 Salerno SA",Salerno,40.6777033,14.761312000000002,4.8,8,,google_places
google-places-ChIJhacK2qHDOxMRduna22oswh8,Muri d'autore,attractions,arte,"Via Portacatena, 60, 84121 Salerno SA",Salerno,40.6796167,14.754196100000001,4.5,29,,google_places
google-places-ChIJBZY6ZCjCOxMRm1bwlYJbaqg,Rione delle Fornelle,attractions,arte,"Vicolo delle Fornelle, 10, 84121 Salerno SA",Salerno,40.680084099999995,14.7546832,4.6,49,,google_places
osm-node-2472307326,Madonna del Soccorso,attractions,artwork,,Salerno,40.5584702,14.2628044,,0,,openstreetmap_overpass
osm-node-5202328547,Madonna della Grotta,attractions,artwork,,Salerno,40.5553871,14.2276196,,0,,openstreetmap_overpass
osm-node-7024868723,Sphinx,attractions,artwork,,Salerno,40.5572009,14.2260102,,0,,openstreetmap_overpass
osm-node-7478376279,Arco Naturale,attractions,attraction,,Salerno,40.5503906,14.2568063,,0,,openstreetmap_overpass
osm-node-8864275317,Benvenuto ai turisti,attractions,attraction,,Salerno,40.5610155,14.2602124,,0,,openstreetmap_overpass
osm-node-399395084,Grotta Azzurra,attractions,attraction,,Salerno,40.5609387,14.2057363,,0,,openstreetmap_overpass
osm-node-5899745085,Grotta Azzurra,attractions,attraction,,Salerno,40.5609899,14.2057718,,0,,openstreetmap_overpass
osm-way-1036595612,Il Turuziello,attractions,attraction,,Salerno,40.5983526,14.3433118,,0,,openstreetmap_overpass
osm-way-239187266,Scala Fenicia,attractions,attraction,,Salerno,40.5568756,14.2267051,,0,,openstreetmap_overpass
osm-way-537168008,Scala Fenicia,attractions,attraction,,Salerno,40.5562537,14.229437,,0,,openstreetmap_overpass
osm-way-741002489,Scala Fenicia,attractions,attraction,,Salerno,40.5566932,14.2273457,,0,,openstreetmap_overpass
osm-way-1105644955,Scala Fenicia,attractions,attraction,,Salerno,40.5566598,14.2272792,,0,,openstreetmap_overpass
osm-way-1126863256,Scala Fenicia,attractions,attraction,,Salerno,40.5566859,14.2272644,,0,,openstreetmap_overpass
osm-way-751445572,Seggiovia Monte Solaro,attractions,attraction,,Salerno,40.5554496,14.2215213,,0,,openstreetmap_overpass
osm-way-752096878,Villa Lysis/Fersen,attractions,attraction,,Salerno,40.5592879,14.2598516,,0,,openstreetmap_overpass
google-places-ChIJ8XablCjCOxMRQhhvYvN7sSg,Chiesa di Santa Maria de Lama,attractions,chiese,"Gradoni Madonna della Lama, 2, 84121 Salerno SA",Salerno,40.680461099999995,14.756262699999999,4.7,107,,google_places
google-places-ChIJXYfrCy_COxMRYA8QPgf5lNM,Cripta di San Matteo,attractions,chiese,"Via Roberto il Guiscardo, 1, 84121 Salerno SA",Salerno,40.6802199,14.760269800000001,4.9,127,"Cripta barocca sotto il Duomo che custodisce le reliquie di San Matteo Apostolo, patrono di Salerno; ricchi marmi policromi e affreschi seicenteschi.",google_places
osm-way-1030979663,Cappella di San Michele Arcangelo a Villazzano,attractions,church,,Salerno,40.6215523,14.3436286,,0,,openstreetmap_overpass
osm-way-1040365074,Cappella di Sant'Anna a Pietrapiana,attractions,church,,Salerno,40.601163,14.3377808,,0,,openstreetmap_overpass
osm-way-749056606,Cappella di Santa Maria delle Grazie a Pipiano,attractions,church,,Salerno,40.6083461,14.3375502,,0,,openstreetmap_overpass
osm-way-554976085,Chiesa Costantinopoli,attractions,church,,Salerno,40.5529816,14.2201947,,0,,openstreetmap_overpass
osm-relation-10329164,Chiesa Maria SS della Lobra,attractions,church,,Salerno,40.608559,14.3360906,,0,,openstreetmap_overpass
osm-way-990728502,Chiesa Santa Maria del Soccorso,attractions,church,,Salerno,40.5583257,14.2628708,,0,,openstreetmap_overpass
osm-way-1020343454,Chiesa della SS Annunziata,attractions,church,,Salerno,40.6027621,14.3350285,,0,,openstreetmap_overpass
osm-way-1030979474,Chiesa della Santissima Addolorata,attractions,church,,Salerno,40.6261631,14.3460956,,0,,openstreetmap_overpass
osm-way-752086462,Chiesa di San Costanzo,attractions,church,,Salerno,40.5564253,14.2350452,,0,,openstreetmap_overpass
osm-way-1038893380,Chiesa di San Costanzo,attractions,church,,Salerno,40.5843352,14.3434816,,0,,openstreetmap_overpass
osm-way-749097150,Chiesa di San Giovanni Battista,attractions,church,,Salerno,40.5948939,14.3497917,,0,,openstreetmap_overpass
osm-way-1019453760,Chiesa di San Liberatore,attractions,church,,Salerno,40.6071498,14.3322278,,0,,openstreetmap_overpass
osm-way-308895823,Chiesa di San Michele Arcangelo,attractions,church,,Salerno,40.5547163,14.2173085,,0,,openstreetmap_overpass
osm-way-239319739,Chiesa di San Michele alla Croce,attractions,church,,Salerno,40.551432,14.2486433,,0,,openstreetmap_overpass
osm-way-749096346,Chiesa di San Salvatore,attractions,church,,Salerno,40.6002295,14.3463681,,0,,openstreetmap_overpass
osm-way-749057326,Chiesa di Sant'Andrea Apostolo,attractions,church,,Salerno,40.5976498,14.3307383,,0,,openstreetmap_overpass
osm-way-1020343263,Chiesa di Santa Maria della Misericordia,attractions,church,,Salerno,40.6031177,14.3409512,,0,,openstreetmap_overpass
osm-way-751445812,Chiesa di Santa Sofia,attractions,church,,Salerno,40.5542054,14.2169751,,0,,openstreetmap_overpass
osm-way-1021728079,Chiesa di Santa Teresa,attractions,church,,Salerno,40.6107214,14.3436751,,0,,openstreetmap_overpass
osm-way-752097559,Chiesa di Santo Stefano,attractions,church,,Salerno,40.5505334,14.2431774,,0,,openstreetmap_overpass
osm-node-10688345429,S. Maria di Mitigliano,attractions,church,,Salerno,40.587826,14.3329806,,0,,openstreetmap_overpass
osm-way-1160749188,San Giovanni,attractions,church,,Salerno,40.6102684,14.3451362,,0,,openstreetmap_overpass
osm-way-1101453030,Santa Croce,attractions,church,,Salerno,40.5907179,14.3402962,,0,,openstreetmap_overpass
osm-way-988336116,Santa Maria del Campo,attractions,church,,Salerno,40.6066135,14.3412637,,0,,openstreetmap_overpass
osm-way-749056476,Santa Maria del Carmine a Sirignano,attractions,church,,Salerno,40.6111051,14.3412801,,0,,openstreetmap_overpass
osm-way-749039416,Santissimo Salvatore,attractions,church,,Salerno,40.5859989,14.3477055,,0,,openstreetmap_overpass
osm-way-751445425,Liquid Art System,attractions,gallery,,Salerno,40.5560623,14.2213341,,0,,openstreetmap_overpass
google-places-ChIJvUM23DDCOxMRHnqigBOo3DA,Mercato Rionale Salerno Carmine,attractions,mercati,"Via Piave, 9, 84122 Salerno SA",Salerno,40.679728499999996,14.768438999999999,4.2,733,,google_places
google-places-ChIJa4ftSFbDOxMRvGJV9uwSItc,Mercato Via de Crescenzo,attractions,mercati,"Via Gennaro Stanislao de Crescenzo, 23, 84133 Salerno SA",Salerno,40.668052100000004,14.801252100000001,3.9,58,,google_places
google-places-ChIJVZwc2PXCOxMR-sROXfxlq5k,Mercato al coperto di Pastena,attractions,mercati,"Via Gennaro Stanislao de Crescenzo, 11, 84133 Salerno SA",Salerno,40.6681704,14.8009085,3.8,548,,google_places
google-places-ChIJgRP6ukTCOxMRWaAYQsSa02E,Mercato all'aperto Torrione,attractions,mercati,"Via Filippo Sciaraffia, 84127 Salerno SA",Salerno,40.6708887,14.78623,4.1,1915,,google_places
google-places-ChIJdZKYMDDCOxMRP_ztOgSRvA8,Acquedotto Medievale,attractions,monumenti,"Via Fiera Vecchia, 84122 Salerno SA",Salerno,40.679539399999996,14.7649293,4.2,1021,"Acquedotto medievale (IX-XIII secolo) dai caratteristici archi a sesto acuto, popolarmente noti come 'i Ponti del Diavolo' per via di un'antica leggenda.",google_places
google-places-ChIJiyE5U7jDOxMRo3EvSL_skwM,Area Archeologica Etrusco-Sannitica di Fratte,attractions,monumenti,"Via Francesco Spirito, 53, 84135 Salerno SA",Salerno,40.6981239,14.7774364,4,189,,google_places
google-places-ChIJR093tbbDOxMRaefqSoTj5q4,Cappella di San Ludovico,attractions,monumenti,"Largo Abate Conforti, 10, 84121 Salerno SA",Salerno,40.6806755,14.758239,4.3,3,,google_places
google-places-ChIJsSNhW_3DOxMRAGjlCE2zPKg,Castel Terracena,attractions,monumenti,"Traversa S. Giovanni, 84122 Salerno SA",Salerno,40.6793461,14.761517900000001,4.8,4,,google_places
google-places-ChIJ0QjdtCvCOxMRfj5reavG7tI,Castello di Arechi,attractions,monumenti,"Località Croce, 84125 Salerno SA",Salerno,40.684350699999996,14.755140299999999,4.3,3696,"Castello medievale sul colle Bonadies, a circa 300 m sul mare, che domina Salerno e il golfo. Di origine longobarda (VIII secolo, legato al principe Arechi II), regala una vista panoramica spettacolare e ospita un museo.",google_places
google-places-ChIJyZb30ijCOxMRCeuAGjX-d2A,Chiesa dell’Addolorata e Convento di S. Sofia,attractions,monumenti,"Largo Abate Conforti, 21, 84121 Salerno SA",Salerno,40.680793099999995,14.757697699999998,4.4,51,,google_places
google-places-ChIJXQ_3Xi_COxMRGbJqBh7YIBs,Chiesa e Monastero di San Giorgio,attractions,monumenti,"Via Duomo, 19, 84121 Salerno SA",Salerno,40.6788281,14.759197400000001,4.8,526,,google_places
google-places-ChIJMRSasSjCOxMRbK1mm_zKkWA,Complesso Monumentale di San Pietro a Corte - Ipogeo e Cappella Palatina,attractions,monumenti,"Larghetto S. Pietro a Corte, 8, 84121 Salerno SA",Salerno,40.679668,14.7574258,4.6,267,,google_places
google-places-ChIJfW_9Fy_COxMRvQfjUS48E5M,"Duomo di Santa Maria degli Angeli, San Matteo e San Gregorio VII",attractions,monumenti,"Piazza Alfano I, 84125 Salerno SA",Salerno,40.6801603,14.760048999999997,4.6,6432,"La Cattedrale di Salerno, dedicata a San Matteo Apostolo le cui reliquie riposano nella cripta. Fondata nell'XI secolo in epoca normanna da Roberto il Guiscardo, unisce stili romanico, arabo e barocco: da vedere l'atrio con colonne antiche, le porte bronzee bizantine e il campanile arabo-normanno.",google_places
google-places-ChIJKbUjRyjCOxMRlYe0Ld6307Y,Giardino della Minerva,attractions,monumenti,"Vicolo Ferrante Sanseverino, n° 1, 84121 Salerno SA",Salerno,40.680963500000004,14.753844700000002,4.4,4151,"Storico orto botanico nel centro antico, considerato il primo giardino botanico d'Europa, legato alla Scuola Medica Salernitana. Terrazzamenti con piante medicinali, pergolati e una splendida vista sul golfo.",google_places
google-places-ChIJF0Fv23vDOxMREdCPoIR7U9A,Lungomare di Salerno,attractions,monumenti,84121 Salerno SA,Salerno,40.6777166,14.758216299999999,4.5,665,"Tra i lungomare più belli d'Italia: ampia passeggiata alberata di palme lungo il golfo, perfetta per camminate, tramonti e aperitivi.",google_places
google-places-ChIJw1SwYDnCOxMRmVUPSQHXJV0,Monumento al Marinaio,attractions,monumenti,"Lungomare Trieste, 84122 Salerno SA",Salerno,40.6746021,14.7683275,4.2,9,,google_places
google-places-ChIJ4Ujm_S7COxMRsMdcgd6H3Io,Museo Diocesano San Matteo,attractions,monumenti,"Largo Plebiscito, 12, 84121 Salerno SA",Salerno,40.68072060000001,14.760364499999998,4.5,461,"Museo diocesano con capolavori d'arte sacra salernitana, tra cui i celebri avori salernitani di epoca medievale.",google_places
google-places-ChIJ0VVssSjCOxMRb-k-TtPEUzo,Palazzo Fruscione,attractions,monumenti,"Vicolo Adelberga, 19, 84121 Salerno SA",Salerno,40.6797466,14.7575016,4.4,336,,google_places
google-places-ChIJfR-ZmyjCOxMR5-UMX8UdE9A,Palazzo Genovese,attractions,monumenti,"Via Pandolfina Fasanella, 84121 Salerno SA",Salerno,40.6794417,14.7559285,4.5,56,,google_places
google-places-ChIJweWhWE3DOxMRqrLRgKUt7kQ,Palazzo Pinto,attractions,monumenti,"Via Mercanti, 63, 84121 Salerno SA",Salerno,40.6789515,14.7599348,4.6,11,,google_places
google-places-ChIJt5wkZS_COxMRYG64ltZaX3Q,Palazzo d'Avossa,attractions,monumenti,"Via delle Botteghelle, 11, 84121 Salerno SA",Salerno,40.6796772,14.7587388,4.6,10,,google_places
google-places-ChIJUUEfkYzCOxMRALhNsfuV2JU,Parco del Mercatello,attractions,monumenti,84132 Salerno SA,Salerno,40.6601335,14.804868099999998,3.9,4128,,google_places
google-places-ChIJ08nOLV3DOxMROmsJqBySTf8,Piazza Sedile del Campo,attractions,monumenti,"Piazza Sedile del Campo, 84121 Salerno SA",Salerno,40.679569099999995,14.7559446,4.7,15,,google_places
google-places-ChIJcXCqZS_COxMRDXyEKW2jqlk,Pinacoteca Provinciale Salerno C 16,attractions,monumenti,"Via Mercanti, 63, 84121 Salerno SA",Salerno,40.678899699999995,14.759953399999997,4.5,311,,google_places
google-places-ChIJqzNQ8C_COxMRRkJ5FXm9fvM,Archivio dell'Architettura Contemporanea,attractions,musei,"Via Porta Elina, 84121 Salerno SA",Salerno,40.6786862,14.762807100000002,4.5,2,,google_places
google-places-ChIJpQVHQi_COxMRMvINifj19_Q,"Collezione di Ceramiche ""Alfonso Tafuri""",attractions,musei,"Vicolo Cassavecchia, 11, 84121 Salerno SA",Salerno,40.679468400000005,14.759108900000001,4.4,7,,google_places
google-places-ChIJjeZP42vDOxMRtwQ6lxAEUJg,Museo Città Creativa di Ogliara,attractions,musei,"Via di Ogliara, 127, 84100 Salerno SA",Salerno,40.704581399999995,14.807802499999998,4.2,44,,google_places
google-places-ChIJQeQ2ZS_COxMRt2rh7GTj0Ps,Museo Virtuale della Scuola Medica Salernitana,attractions,musei,"Chiesa di San Gregorio, Via Mercanti, 74, 84121 Salerno SA",Salerno,40.6790606,14.7599662,3.8,107,,google_places
google-places-ChIJFUHw3SjCOxMRryAFjcv5JYc,"Museo della Medicina ""Roberto Papi""",attractions,musei,"Via Trotula de Ruggiero, 23, 84121 Salerno SA",Salerno,40.681143299999995,14.756172099999999,4.1,89,,google_places
google-places-ChIJK9Xm34bBOxMRvQk4Ura0oPE,Museo delle ceramiche del castello medievale di Arechi,attractions,musei,"Via Croce, 1, 84100 Salerno SA",Salerno,40.684616899999995,14.7547791,2.3,17,Museo nel complesso del Castello di Arechi dedicato alle ceramiche storiche del territorio salernitano.,google_places
google-places-ChIJyc3X6SfCOxMR4IU-GxNGg88,Villa Comunale di Salerno,attractions,musei,"Via Roma, 84100 Salerno SA",Salerno,40.6784653,14.7531473,4.4,2407,"Giardino pubblico storico nel cuore della città, tra il Teatro Verdi e il lungomare, con fontane e palme; in inverno cuore delle Luci d'Artista.",google_places
osm-way-751445149,Cappella di San Michele,attractions,museum,,Salerno,40.5571956,14.2259094,,0,,openstreetmap_overpass
osm-way-751445628,Casa Rossa,attractions,museum,,Salerno,40.5551014,14.2187844,,0,,openstreetmap_overpass
osm-node-6574297119,Museo Ignazio Cerio,attractions,museum,,Salerno,40.5505302,14.2427813,,0,,openstreetmap_overpass
osm-way-751444800,Osservatorio Solare di Anacapri,attractions,museum,,Salerno,40.5588418,14.2042842,,0,,openstreetmap_overpass
osm-way-751445120,Villa San Michele,attractions,museum,,Salerno,40.5572675,14.2250226,,0,,openstreetmap_overpass
economybookings-car-salerno,EconomyBookings - Noleggio Auto Salerno,attractions,noleggio_auto,Aeroporto di Napoli-Capodichino (NAP) e centro Salerno,Salerno,40.8824,14.2681,4.5,0,Noleggio auto economico a Salerno. Ritiro all'aeroporto NAP o centro città. Commissione 55% su prenotazione + 25% su Full Coverage (CJ.com).,partner_cms
google-places-ChIJezH-eFLCOxMRie-YkOAbbxk,B&b Panoramica 33,attractions,panorami,"Via Panoramica, 33, 84100 Salerno SA",Salerno,40.682313799999996,14.787146,3.3,120,,google_places
google-places-ChIJX25jTZjDOxMRq0w3IHsw2K4,Belvedere Maddalena,attractions,panorami,84135 Salerno SA,Salerno,40.718412,14.8132472,4.8,11,,google_places
google-places-ChIJe_x6ilHDOxMRAzRs-Up9G58,Foce Irno - punto panoramico,attractions,panorami,"Via Fratelli de Mattia, 85, 84123 Salerno SA",Salerno,40.672620599999995,14.7733259,3.9,11,,google_places
google-places-ChIJD6DhBkbCOxMRej9G_FFOB4Q,Masso della Signora,attractions,panorami,84135 Salerno SA,Salerno,40.6815813,14.788199499999997,4.5,81,,google_places
google-places-ChIJb1tjNiXCOxMRzKY95ero7oI,Panorama B&B,attractions,panorami,"secondo, Corso Giuseppe Garibaldi, 235/piano, interno 15, 84122 Salerno SA",Salerno,40.676702,14.7633472,5,1,,google_places
google-places-ChIJFV83C0bCOxMROulM-x_Uy6c,Panorama di Salerno,attractions,panorami,"Viale delle Ginestre, 21, 84134 Salerno SA",Salerno,40.6750955,14.781195600000002,4.4,34,,google_places
google-places-ChIJsbW8XI_BOxMRbGYzzGYgc54,Panorama sul Golfo di Salerno,attractions,panorami,"Piazzola di Sosta E45, 84125 Salerno SA",Salerno,40.680092599999995,14.745030700000001,4.8,324,,google_places
google-places-ChIJRYeUyEvCOxMR7WOJ3vDlE_Q,Panoramica 13,attractions,panorami,"84135 Salerno SA, Italia",Salerno,40.6819622,14.779973000000002,5,1,,google_places
google-places-ChIJ_1-LZVLCOxMRd-zTqUSUmIw,Panoramica Casa Manzo,attractions,panorami,"84135 Salerno SA, Italia",Salerno,40.6817047,14.7880976,4.7,3,,google_places
google-places-ChIJHezRHgDDOxMRMdLvJ1oNQDg,Piazzola Panoramica della Concordia,attractions,panorami,"Lungomare Clemente Tafuri, 4, 84127 Salerno SA",Salerno,40.6729816,14.7709314,,0,,google_places
google-places-ChIJhe3x-9HDOxMR67tN3veQIu0,Punto Panoramico Golfo di Salerno,attractions,panorami,"Via Panoramica, 33, 84135 Salerno SA",Salerno,40.681793899999995,14.7870776,5,4,,google_places
google-places-ChIJKRkUMSjCOxMRgEs3_wYtdHk,Punto Panoramico di Salerno,attractions,panorami,"Via Porta S. Nicola, 84125 Salerno SA",Salerno,40.681499099999996,14.753078799999999,4.9,35,,google_places
google-places-ChIJfUQgXSbBOxMRe_4YNdQu3U4,Punto panoramico,attractions,panorami,"Via Alfonso Gatto, 1/A, 84125 Salerno SA",Salerno,40.6817801,14.751610799999998,5,5,,google_places
google-places-ChIJXybKYSXCOxMR07QT15HOigA,Suite con terrazza panoramica - Salerno centro,attractions,panorami,"84121 Salerno SA, Italia",Salerno,40.6781769,14.7620993,,0,,google_places
google-places-ChIJKyFxrkbCOxMRMPmYzCuKSpM,Giardini La Carnale,attractions,parchi,"Via Tommaso Scillato, 84127 Salerno SA",Salerno,40.6711963,14.780660699999999,4.2,10,,google_places
google-places-ChIJw06K-l_COxMRKCb1Owwa7K8,Giardini Mariele Ventre,attractions,parchi,"Via Racioppi, 84129 Salerno SA",Salerno,40.6641623,14.798214399999999,4.3,58,,google_places
google-places-ChIJHaQEOvXCOxMRek9KLP-34zQ,Luna Park Baby,attractions,parchi,"Via Rocco Cocchia, 147, 84129 Salerno SA",Salerno,40.6637796,14.800642599999998,4.4,734,,google_places
google-places-ChIJTTwvokrCOxMRyNft85I06kw,Parco Pinocchio,attractions,parchi,"Piazza Montpellier, 84126 Salerno SA",Salerno,40.685330799999996,14.775613,4.1,3609,,google_places
google-places-ChIJCy7hcLXDOxMRMqjpWJJ9Wgk,Parco Urbano Ex Salid,attractions,parchi,"Via Lungoirno, 84100 Salerno SA",Salerno,40.688401899999995,14.7763254,4.8,4,,google_places
google-places-ChIJUW7ug7XDOxMRuVpHLBmRgho,Parco Urbano dell'Irno,attractions,parchi,"Viale Antonio Gramsci, 84126 Salerno SA",Salerno,40.6891317,14.7758603,4.1,1539,,google_places
google-places-ChIJ6cNQiVDCOxMRwFBqBLTiWg8,Parco del Galiziano,attractions,parchi,"Via Roberto Virtuoso, 84134 Salerno SA",Salerno,40.674782799999996,14.789500199999999,4,228,,google_places
google-places-ChIJi82W7zLCOxMR_GdHc90Yvbw,Parco del Seminario,attractions,parchi,"Via Valerio Laspro, 84126 Salerno SA",Salerno,40.685927799999995,14.765880300000001,3.9,325,,google_places
google-places-ChIJ1wXVuEnCOxMRR5zGb1jzjAw,Parco delle Rose,attractions,parchi,"Via Michele Pironti, 22-28, 84134 Salerno SA",Salerno,40.679702899999995,14.777062599999999,4.3,43,,google_places
google-places-ChIJx1b-b5DCOxMRsfcYZ-XadQc,Parco giochi Arbostella,attractions,parchi,"Viale Giuseppe Verdi, 14, 84131 Salerno SA",Salerno,40.6524207,14.8126177,3.9,199,,google_places
google-places-ChIJg0bKfYvCOxMRbupn8Dabzn4,Rock Garden,attractions,parchi,"Mercatello, 84132 Salerno SA",Salerno,40.660691299999996,14.8044399,4.6,7,,google_places
google-places-ChIJ9Zh3tV_COxMRvUUiKsuyo7U,Pastena,attractions,quartieri,"Pastena, Salerno SA",Salerno,40.6649654,14.797312100000001,,0,,google_places
google-places-ChIJBR82XfbCOxMRvEhbbFkZJjs,Quartiere Italia,attractions,quartieri,"Quartiere Italia, 84133 Salerno SA",Salerno,40.66971780000001,14.801324,,0,,google_places
google-places-ChIJdbxKwXvDOxMRxHGpWVA8e24,La Croce del Monte Stella,attractions,sentieri,"Unnamed Road, 84135 Salerno SA",Salerno,40.7156725,14.805788099999997,4.6,16,,google_places
google-places-ChIJNyDunkLDOxMRaqHhAmUhKeo,Parco Urbano Del Montestella,attractions,sentieri,"Str. per Montestella, 84135 Salerno SA",Salerno,40.708644299999996,14.8223433,4.2,23,,google_places
osm-node-3358597325,Giardinetti dell'Annunziata,attractions,viewpoint,,Salerno,40.6026051,14.3342733,,0,,openstreetmap_overpass
osm-node-6089918753,Torre del Castello dell'Annunziata,attractions,viewpoint,,Salerno,40.6031161,14.3363152,,0,,openstreetmap_overpass
osm-node-4100111998,Torre di Montalto,attractions,viewpoint,,Salerno,40.5740105,14.3447626,,0,,openstreetmap_overpass
osm-node-2472363136,Villa Lysis/Fersen,attractions,viewpoint,,Salerno,40.5593351,14.2597571,,0,,openstreetmap_overpass
google-places-ChIJOz0WJybCOxMRse7AKX1gmvI,Albergo del Centro Storico Salerno,accommodation,hotel,"Via Roma, 210, 84121 Salerno SA",Salerno,40.6791225,14.7561275,3.2,168,,google_places
google-places-ChIJW5CEgR_DOxMRQS6gyktfP2k,B&B Al Corso,accommodation,hotel,"Corso Vittorio Emanuele, 163, 84122 Salerno SA",Salerno,40.6770934,14.7653273,4.5,34,,google_places
google-places-ChIJ3-6pMDrCOxMR7AwjRrNlJLE,B&B Amalfi Coast - Salerno,accommodation,hotel,"Corso Giuseppe Garibaldi, 142, 84123 Salerno SA",Salerno,40.6755354,14.7685979,4.5,149,,google_places
google-places-ChIJT3zJJa3DOxMRuUfAOflJhHQ,B&B In centro storico Salerno,accommodation,hotel,"Vicolo Giudaica, 12, 84121 Salerno SA",Salerno,40.6785694,14.758815199999999,4.9,54,,google_places
google-places-ChIJG2yoQiXCOxMRiJrswoBYxBI,B&B Luxury Salerno Central,accommodation,hotel,"P.za Sedile di Portanova, 10, 84122 Salerno SA",Salerno,40.6783228,14.7621654,4.6,60,,google_places
google-places-ChIJg6g7bDnCOxMRq261W0YX8Y0,B&B Madegra Sea Suite,accommodation,hotel,"Piazza della Concordia, 38, 84123 Salerno SA",Salerno,40.673870099999995,14.770891199999998,4.4,246,,google_places
google-places-ChIJveuTlDDCOxMR_8V4lkIA-2I,B&B Maison Salerno,accommodation,hotel,"via Matteo Ripa, 2, 84122 Salerno SA",Salerno,40.678776299999996,14.7676646,3.9,95,,google_places
google-places-ChIJiXLyvOrDOxMRpvZ-VysM13M,B&B Mare e Poesia SALERNO,accommodation,hotel,"Via Martiri Ungheresi, 8, 84129 Salerno SA",Salerno,40.6649799,14.794351299999999,4.8,39,,google_places
google-places-ChIJ0y8JmC_COxMRPSy6K0zDB2c,B&B Old Salerno,accommodation,hotel,"Piazzetta Cerenza Francesco, 84123 Salerno SA",Salerno,40.678993299999995,14.7617429,4.1,18,,google_places
google-places-ChIJT8QEqeDDOxMRnTHJj-UloMo,B&B SALERNO CENTER,accommodation,hotel,"Corso Giuseppe Garibaldi, 206, 84122 Salerno SA",Salerno,40.6767567,14.764616499999999,3.9,30,,google_places
google-places-ChIJMZmPZyXCOxMR5ckDFq-Ega4,B&B Salerno Centro,accommodation,hotel,"Piazza Sedile di Porta Nova, 10 primo piano - interno 4 - 00393299636288, 84121 Salerno SA",Salerno,40.677626599999996,14.7623321,4.6,178,,google_places
google-places-ChIJF8q5DjnDOxMRyaXah82Qi30,B&B Salerno in Centro - Bed And Breakfast Nel Centro Storico Di Salerno,accommodation,hotel,"Palazzo Gatto, Vicolo degli Amalfitani, 10, 84121 Salerno SA",Salerno,40.680099299999995,14.755725899999998,4.3,17,,google_places
google-places-ChIJRZ6ZHDrCOxMR4Iss_FS1-Pc,B&B SalernoWay,accommodation,hotel,"Via Santi Martiri Salernitani, 31, 84123 Salerno SA",Salerno,40.6765956,14.769295200000002,4.1,216,,google_places
google-places-ChIJ10F-hCXCOxMRVIDmLF-5W2o,B&B Serendipity Salerno,accommodation,hotel,"Via Masuccio Salernitano, 56, 84121 Salerno SA",Salerno,40.6777982,14.7611511,4.9,27,,google_places
google-places-ChIJpd7sEYrCOxMRKulv8BWfVrE,B&B Tramonto Sul Mare,accommodation,hotel,"Via Giovan Battista, Via Gian Battista Niccolini, 9, 84131 Salerno SA",Salerno,40.6594453,14.799545700000001,4.6,50,,google_places
google-places-ChIJ6clupyHDOxMROstIqM-6DKw,B&B il Duca d'Amalfi,accommodation,hotel,"Via Porta Elina, 4, 84121 Salerno SA",Salerno,40.6786069,14.7626075,4.8,312,,google_places
google-places-ChIJocFkgKTDOxMRuO7FMTC5tvY,Bed & Breakfast A Casa di Marco Salerno Centro,accommodation,hotel,"Via Generale Ferrante Maria Gonzaga, 12, 84122 Salerno SA",Salerno,40.6799508,14.7653561,4.3,34,,google_places
google-places-ChIJ-TQG_DDCOxMR1_YV_BtT0jQ,Bed & Breakfast Antonello,accommodation,hotel,"Via Pietro da Eboli, 18, 84122 Salerno SA",Salerno,40.6798194,14.767157599999999,4.8,99,,google_places
google-places-ChIJRwfipjDCOxMRI2ymW5SsT4Q,Bed and Breakfast Salerno,accommodation,hotel,"Via Alfonso Balzico, 43, 84100 Salerno SA",Salerno,40.677535299999995,14.768598700000002,4.1,53,,google_places
google-places-ChIJJybVQjbCOxMRqPDreZWa4ZE,Bed and Breakfast il Faro,accommodation,hotel,"Via Luigi Cacciatore, 55, 84124 Salerno SA",Salerno,40.680599099999995,14.773556399999997,4.8,61,,google_places
google-places-ChIJoQdsYjrCOxMRh64UUOn6mV8,Bed and Breakfast sul Corso,accommodation,hotel,"Corso Vittorio Emanuele, 126, 84122 Salerno SA",Salerno,40.6768064,14.766747,4.1,108,,google_places
google-places-ChIJ23vPkDrCOxMR0IPuSmr-peg,CASA CASTAGNA B&B,accommodation,hotel,"via Adolfo Cilento, 13, 84122 Salerno SA",Salerno,40.6768316,14.765424399999999,4.7,104,,google_places
google-places-ChIJ_fkBiTnCOxMR7jEjnymNPV0,Chérie B&B - Salerno,accommodation,hotel,"Corso Vittorio Emanuele, 57, 84123 Salerno SA",Salerno,40.6756302,14.769827099999999,4.7,125,,google_places
google-places-ChIJRaP9HibCOxMRcQC-mMCnV0Q,Divina Salerno,accommodation,hotel,"Via Roma, 184, 84121 Salerno SA",Salerno,40.678880799999995,14.756883000000002,3.6,41,,google_places
google-places-ChIJZ7xv9jXCOxMRJgPaYUbUnXs,Domus Aeterna & Il Limine Silente,accommodation,hotel,"Via Laurogrotto, 1/Civico1, piano 4 , scala b, interno 11, 84135 Salerno SA",Salerno,40.6824271,14.7756631,4.8,82,,google_places
google-places-ChIJcS7S3SjCOxMRKU_sWerP6hw,Elegant B&B Il Vicolo storico - Salerno,accommodation,hotel,"Via Trotula de Ruggiero, 20, 84121 Salerno SA",Salerno,40.6811273,14.756561999999997,4.5,67,,google_places
google-places-ChIJC1Wz1UbCOxMRl1FMUYus7hQ,Grand Hotel Salerno,accommodation,hotel,"Lungomare Clemente Tafuri, 1, 84127 Salerno SA",Salerno,40.6725135,14.775876499999999,3.8,4926,,google_places
google-places-ChIJA465TjrCOxMRZcYo34wu7oA,Grillo B&B,accommodation,hotel,"Traversa Giovanni Grillo, 7, 84122 Salerno SA",Salerno,40.6753864,14.7677908,4.2,76,,google_places
google-places-ChIJoQrzs-nDOxMRBLqx7h3LiIU,Holiday Guesthouse,accommodation,hotel,"Via Francesco Paolo Volpe, n.16, 84122 Salerno SA",Salerno,40.6781931,14.766960800000001,4.9,138,,google_places
google-places-ChIJya9MeSjCOxMReJjFF62x8n0,Home47,accommodation,hotel,"Via Portacatena, 47, 84121 Salerno SA",Salerno,40.6794345,14.7545586,4.8,126,,google_places
google-places-ChIJwycKrjnCOxMR11LCcrLcC3A,Hotel Bruman Salerno,accommodation,hotel,"Piazza Vittorio Veneto, 30, 84123 Salerno SA",Salerno,40.6747741,14.7726306,4.3,294,,google_places
google-places-ChIJTRwPjzrCOxMRZxuKlNYTEng,Hotel Montestella 1914,accommodation,hotel,"Corso Vittorio Emanuele, 156, 84122 Salerno SA",Salerno,40.677119999999995,14.765836600000002,4.1,994,,google_places
google-places-ChIJeStIxZvCOxMRl7qBSFfEEI0,Hotel Novotel Salerno Est Arechi,accommodation,hotel,"Via Generale Clark, 49, 84131 Salerno SA",Salerno,40.649194099999995,14.816201600000001,4.1,2307,,google_places
google-places-ChIJO6dCoznCOxMRQ8lXgJEoYrU,Hotel Plaza,accommodation,hotel,"Piazza Vittorio Veneto, 42, 84123 Salerno SA",Salerno,40.6750268,14.7713859,4.4,827,,google_places
google-places-ChIJqb-0rmHCOxMRkCFN-fkyJ6c,Hotel Polo Nautico,accommodation,hotel,"Lungomare Cristoforo Colombo, 132, 84129 Salerno SA",Salerno,40.6616394,14.795512100000002,4,1366,,google_places
google-places-ChIJk8hmmGDCOxMRpqOXdPEaCEY,Il Piccolo Principe – B&B pulito ed economico a Salerno,accommodation,hotel,"Via Antonio del Baglivo, 11, 84129 Salerno SA",Salerno,40.663617099999996,14.794676799999998,4.8,89,,google_places
google-places-ChIJ0YzsqZrCOxMRZ2mRiRAXpEY,Mediterranea Hotel - Resort & Convention Center,accommodation,hotel,"Via Generale Clark, 54, 84131 Salerno SA",Salerno,40.6503015,14.812849399999998,3.8,1870,,google_places
google-places-ChIJQ2I2SiXCOxMRYcOsJ_tP_ZU,Romantica Salerno B&B,accommodation,hotel,"Corso Giuseppe Garibaldi, 230, 84122 Salerno SA",Salerno,40.677014299999996,14.7634542,4.5,125,,google_places
google-places-ChIJ2VnJIKDCOxMRNIncruKIKVk,Saint Joseph Resort,accommodation,hotel,"Via Salvatore Allende, 66, 84131 Salerno SA",Salerno,40.641883799999995,14.822237000000001,3.8,789,,google_places
google-places-ChIJPTKCaCXCOxMRPLriD0jNH5M,Salerno Antica Bed & Breakfast,accommodation,hotel,"Via Masuccio Salernitano, 8, 84121 Salerno SA",Salerno,40.6776091,14.7620186,5,267,,google_places
google-places-ChIJGX5uYjrCOxMR2b3z5lQQUlc,Salernoprestige,accommodation,hotel,"Corso Vittorio Emanuele, 58, 84123 Salerno SA",Salerno,40.6757476,14.7699186,4.3,185,,google_places
google-places-ChIJpThF_S7COxMRSsmuMyhu5A8,Santi e Saraceni,accommodation,hotel,"Largo Plebiscito, 2, 84121 Salerno SA",Salerno,40.680923,14.760199499999999,4.1,71,,google_places
google-places-ChIJjcUqZDDCOxMRhYl9uKB-ECA,Suite 39 B&B,accommodation,hotel,"Via dei Principati, 39, 84122 Salerno SA",Salerno,40.6786038,14.766131900000001,4.5,188,,google_places
google-places-ChIJH6iWmXfBOxMRxDkT1O1sZOU,Villa Lupara Agriturismo biologico,accommodation,hotel,"Via Fossa Lupara, 84125 Salerno SA",Salerno,40.695865399999995,14.739490599999998,4.4,171,,google_places
google-places-ChIJUw1RfIjBOxMRlFrefbxh2J4,Villa Poseidon - Boutique Hotel - Wedding & Events - Catering & Banqueting,accommodation,hotel,"Via Alfonso Gatto, 3, 84121 Salerno SA",Salerno,40.680281199999996,14.749604099999999,3.7,261,,google_places
google-places-ChIJ23vPkDrCOxMRQB9uXcFlHwA,Vinto House Downtown,accommodation,hotel,"Via Adolfo Cilento, 13, Secondo piano - Interno, 10, 84122 Salerno SA",Salerno,40.6768139,14.7654284,4.4,144,,google_places
google-places-ChIJr-ZZRTbCOxMRRn3UEqwCoaA,gia'Notte B&B Salerno Centro by ElodeaGroup,accommodation,hotel,"Via Giovanni Francesco Memoli, 12, 84124 Salerno SA",Salerno,40.6800226,14.773119999999999,4.8,50,,google_places
google-places-ChIJ65w-SkiVOxMRQD_Boz0-oLY,Acquachiara Spiaggia,beaches,spiagge,"SS163 Amalfitana, Km36, 84010 Maiori SA",Salerno,40.644487,14.649741200000001,4.4,503,,google_places
google-places-ChIJYZbDqyDCOxMRbdHBJW-Iomo,Associazione Marina,beaches,spiagge,"Molo Manfredi porto di Salerno, 84121 Salerno SA",Salerno,40.6742931,14.752349599999999,4.3,3,,google_places
google-places-ChIJuz4xwCDCOxMRWWqVTBuFoEQ,Azimut Salerno,beaches,spiagge,"Via Molo Manfredi, Snc, 84121 Salerno SA",Salerno,40.6725917,14.7545241,4.8,16,,google_places
google-places-ChIJEahjBjaUOxMREcsq1jPqAVo,Il Duoglio Spiaggia,beaches,spiagge,"Il Duoglio Spiaggia, Via Mauro Comite, 25, 84011 Amalfi SA",Salerno,40.6258239,14.5876789,4.3,334,,google_places
google-places-ChIJWTiNdDaUOxMRbQeaORqA-Io,Lido Degli Artisti Beach Club,beaches,spiagge,"spiaggia Duoglio Imbarco Molo Darsena Amalfi Centro, Via Mauro Comite, 84011 Amalfi SA",Salerno,40.625687899999996,14.587349800000002,4.5,482,,google_places
google-places-ChIJ4VyGcK6VOxMRd3fcB63pmSw,Lido degli Artisti Beach Club PUNTO D'IMBARCO AD AMALFI CENTRO,beaches,spiagge,"molo Darsena, 84011 Amalfi SA",Salerno,40.633032,14.602817600000002,4.7,9,,google_places
google-places-ChIJMSCNArOVOxMRAcwK15Y4q5U,Lido delle Sirene,beaches,spiagge,"Piazzale dei Protontini, 4, 84011 Amalfi SA",Salerno,40.631668,14.5968708,3.5,234,,google_places
google-places-ChIJ618JE6iVOxMRimv2_c7W1Wo,Lido di Ravello Spiaggia di Castiglione,beaches,spiagge,"Strada Statale Amalfitana, 13, 84010 Castiglione SA",Salerno,40.636932,14.610947399999999,4.6,824,,google_places
google-places-ChIJX3OLH2yVOxMRgBqCZBTAhWQ,Mandingo beach,beaches,spiagge,"Viale della Regione, 84011 Amalfi SA",Salerno,40.633731,14.603061,3.8,78,,google_places
google-places-ChIJU4auxSzBOxMRIue0hbLjj0M,Marina Militare,beaches,spiagge,"Via Porto, 8, 84121 Salerno SA",Salerno,40.6779718,14.7504336,,0,,google_places
google-places-ChIJQ2DSqJ_COxMRs6ctC2L1JUE,Marina d'Arechi S.p.A.,beaches,spiagge,"Via Salvador Allende, 84131 Salerno SA",Salerno,40.6417589,14.820216900000002,4.5,1621,,google_places
google-places-ChIJpYzDOgDDOxMR76Ki1Zto-kE,Ormeggi Autuori SRL,beaches,spiagge,"Via Molo Manfredi, 84121 Salerno SA",Salerno,40.673167,14.7535587,5,1,,google_places
google-places-ChIJOyRC2WDCOxMRcDiX766Fiss,Porticciolo di Pastena,beaches,spiagge,"Lungomare Cristoforo Colombo, 84129 Salerno SA",Salerno,40.6619848,14.794362899999998,4.2,780,,google_places
google-places-ChIJ5bDUsMDBOxMR5PrS5aoopC0,Porto Salerno,beaches,spiagge,"Baia di Salerno Mar Tirreno, Salerno SA",Salerno,40.6759054,14.749047899999999,4.3,41,,google_places
google-places-ChIJc4636zvCOxMRbmKNEXKotU4,Porto Turistico Masuccio Salernitano,beaches,spiagge,"Piazza della Concordia, 84122 Salerno SA",Salerno,40.6733839,14.7682603,4.4,5422,,google_places
google-places-ChIJjzP43zPCOxMR6rsB7xYkpVo,Porto di Salerno,beaches,spiagge,"Via Roma, 29 - - 84121, 84121 Salerno SA",Salerno,40.677106599999995,14.761729199999998,4.4,283,,google_places
google-places-ChIJHxhLkrXqOxMRbpI5rvYoK6A,Spiaggia Cavallo Morto,beaches,spiagge,"Spiaggia Cavallo Morto, Strada Statale Amalfitana, 18, 84010 Maiori SA",Salerno,40.6422166,14.6628958,4.5,207,,google_places
google-places-ChIJ1YRtRybCOxMRCMDudEh1kX8,Spiaggia Santa Teresa,beaches,spiagge,"Lungomare Trieste, 84121 Salerno SA",Salerno,40.6774821,14.756055499999999,4.1,4440,,google_places
google-places-ChIJ1wLISTuUOxMRd6-oKdZvSm4,Spiaggia della Vite,beaches,spiagge,"Via Giovanni Augustariccio, 76, 84011 Amalfi SA",Salerno,40.6186867,14.5774951,4.5,123,,google_places
google-places-ChIJ0eyXw0aVOxMRBbdElqm-brg,Spiaggia di Maiori (Maiori Beach),beaches,spiagge,"Strada Statale Amalfitana, 84010 Maiori SA",Salerno,40.6473352,14.6424313,4.4,1964,,google_places
google-places-ChIJ8wpbFPzDOxMRMC5tJopb9Gs,Spiaggia di Salerno,beaches,spiagge,"Lungomare Cristoforo Colombo, 339, 84121 Salerno SA",Salerno,40.6576743,14.8008773,4.1,454,,google_places
google-places-ChIJH8ri4GDCOxMR2oPs53EUF9Q,Spiaggia il Porticciolo,beaches,spiagge,"Lungomare Cristoforo Colombo, 135, 84129 Salerno SA",Salerno,40.663228,14.792269399999999,4.2,563,,google_places
google-places-ChIJK8rjY3bDOxMRBqcU65Uxas4,Yachting Club Salerno,beaches,spiagge,"Porto Turistico - Molo, Via Masuccio Salernitano, 84121 Salerno SA",Salerno,40.6731711,14.7694049,4.3,11,,google_places
